Model,Accuracy,Precision,Recall,F1 Score
Logistic Regression,0.8367903930131004,0.8975392506298708,0.8369677716254965,0.8206627965740841
Decision Tree,0.8395196506550219,0.9004129412785808,0.8396234712815275,0.8233508420968021
